Channel Title,Channel Username,Message ID,Message,Date,Media Path
рІерїцріЊ рІѕрїЇ - рІерїцріЊ рѕўрѕерїЃ,@yetenaweg,1184,,2024-10-16 18:43:58+00:00,
рІерїцріЊ рІѕрїЇ - рІерїцріЊ рѕўрѕерїЃ,@yetenaweg,1183,"­ЪїЪрЅарІџрѕЁ ріЦрѕЂрІх рЅарЅ┤рѕїрїЇрѕФрѕЮ рЅђрїЦрЅ│ рѕхрѕГрїГрЅх ріарІ▓рѕх рІЇрІГрІГрЅх рІГрІўріЋ рЅђрѕГрЅаріЊрѕЇрЇб

рѕГрІЋрѕ▒рѕЮ: ­ЪњЦрІерѕўрїѕрїБрїарѕџрІФ рѕЁрѕўрѕЮ­ЪњЦ

РўёрІерѕўрїѕрїБрїарѕџрІФ рѕЁрѕўрѕЮ рЅарѕГріФрЅ│ рѕўріЋрѕхріцрІјрЅй рѕ▓ріќрѕЕрЅх: ріарѕГрЅхрѕФрІГрЅ░рѕхрЇБ рїЅрІ│рЅхрЇБ рѕфрѕЁрЇБ рібріЋрЇїріГрѕйріќрЅйрЇБ ріеріЦрІхрѕю рїІрѕГ рІерЅ░рІФрІФрІў рїЅрІ│рЅхрЇБ ріерѕўрїаріЋ рЅарѕІрІГ рѕўрІѕрЇѕрѕГрЇБ рЅ░рІ░рїІрїІрѕџ ріЦріЋрЅЁрѕхрЅЃрѕ┤рІјрЅй рІерЅ░рІѕрѕ░ріЉрЅх ріЊрЅИрІЇрЇб

­ЪЌБріЦріЋрїЇрІ│рЅйріЋ:
­ЪЉЅ рІХ/рѕГ рЅцріф ріарЅЦрІ▓рѕ│ ( рі«ріЋрѕ░рѕЇрЅ│ріЋрЅх рібріЋрЅ░рѕГріњрѕхрЅх ріЦріЊ рѕЕрѕЏрЅХрѕјрїѓрѕхрЅхрЇБ рІерІЇрѕхрїЦ рІ░рІї рѕЋріГрѕЮріЊ рѕерІ│рЅх рЇЋрѕ«рЇїрѕ░рѕГрЇБ рІеріарІ▓рѕх ріарЅарЅБ рІЕріњрЅерѕГрѕхрЅ▓ рІерѕЕрѕЏрЅХрѕјрїѓ ріГрЇЇрѕЇ ріЃрѕІрЇі)

­ЪЌЊріЦрѕЂрІх рїЦрЅЁрѕЮрЅх 10 2017

РЈ░ріерѕЮрѕйрЅ▒ 12 рѕ░рІЊрЅх (рЅарібрЅхрІ«рїхрІФ)

РџА№ИЈрІЇрІГрІГрЅ▒ріЋ рѕѕрѕўрЅђрѕІрЅђрѕЇ ріЦрІџрѕЁ рІГрїФріЉ 
­ЪЉЄ­ЪЉЄ­ЪЉЄ­ЪЉЄ­ЪЉЄ­ЪЉЄ­ЪЉЄ­ЪЉЄ
https://t.me/yetenaweg?livestream

РџА№ИЈрІерІЇрІГрІГрЅх рЅ╗ріЊрѕІрЅйріЋріЋ рѕѕрѕўрЅђрѕІрЅђрѕЇ ріЦрІџрѕЁ рІГрїФріЉ: https://t.me/+dl4juoncBxMyODVh",2024-10-16 18:43:57+00:00,
рІерїцріЊ рІѕрїЇ - рІерїцріЊ рѕўрѕерїЃ,@yetenaweg,1182,,2024-10-16 15:22:55+00:00,
рІерїцріЊ рІѕрїЇ - рІерїцріЊ рѕўрѕерїЃ,@yetenaweg,1181,,2024-10-06 16:26:40+00:00,
рІерїцріЊ рІѕрїЇ - рІерїцріЊ рѕўрѕерїЃ,@yetenaweg,1180,рЅ░рїђрѕЮрѕ»рѕЇ !!,2024-10-06 15:03:40+00:00,
рІерїцріЊ рІѕрїЇ - рІерїцріЊ рѕўрѕерїЃ,@yetenaweg,1179,,2024-10-06 14:58:28+00:00,
рІерїцріЊ рІѕрїЇ - рІерїцріЊ рѕўрѕерїЃ,@yetenaweg,1178,,2024-10-04 13:14:17+00:00,
рІерїцріЊ рІѕрїЇ - рІерїцріЊ рѕўрѕерїЃ,@yetenaweg,1177,,2024-10-04 13:14:17+00:00,
рІерїцріЊ рІѕрїЇ - рІерїцріЊ рѕўрѕерїЃ,@yetenaweg,1176,,2024-10-04 13:14:16+00:00,
рІерїцріЊ рІѕрїЇ - рІерїцріЊ рѕўрѕерїЃ,@yetenaweg,1175,"­Ъц▒рЅарІхрѕЁрѕе рІѕрѕірІх рїірІю рѕЮріЋ рѕЏрІѕрЅЁ ріарѕѕрЅЦрІјрЅх??

­ЪїИрЅђрІ░рѕЮрЅх рІерІхрѕЁрѕе рІѕрѕірІх рїірІю рЅарѕ┤рЅХрЅй рѕЁрІГрІѕрЅх рІЇрѕхрїЦ ріерІѕрѕірІх рЅаріІрѕІ рЅаріаріФрѕЇрЇБ рЅарѕхрѕюрЅ│рІі ріЦріЊ рЅарѕхріљ рѕЇрЅдріЊ рѕѕрІЇрїдрЅй рІерѕџрЅ│рІѕрЅЁ рІѕрѕ│ріЮ рѕЮрІЋрѕФрЇЇ ріљрІЇрЇб

­ЪњЂРђЇРЎђрЅ░ріерЅ│рІГ ріаріФрѕІрІі рѕѕрІЇрїдрЅйріЋ рЅарїЦрЅѓрЅ▒:-
┬а┬а┬а­ЪњФ рІерѕЏрѕЋрЇђріЋ рѕўрі«рѕЏрЅ░рѕГ┬а
┬а┬а ­ЪњФ┬а рІ░рѕЮ рѕўрЇЇрѕ░рѕх ріЦріЊ рѕјрЅ║рІФ┬а┬а
┬а┬а┬а ­ЪњФрІерІхрѕЁрѕе рІѕрѕірІх рѕЁрѕўрѕЮ ріЦріЊ рѕЮрЅЙрЅх рѕЏрїБрЅх

­ЪДЉРђЇ­ЪћгрІерѕЋріГрѕЮріЊ ріЦрѕГрІ│рЅ│ рѕўрЅ╝ рІФрѕхрЇѕрѕЇрїІрѕЇ?

­ЪїИрІеріаріЦрѕЮрѕ« рїцріЊрІјріЋ ріЦріЋрІ┤рЅх рІГріЋріерЅБріерЅА?

­ЪїИріарІ▓рѕх рІерЅ░рІѕрѕѕрІ░ рѕЇрїЁріЋ рѕѕрѕўріЋріерЅБріерЅЦ┬а рїцріЊрѕЏ рѕўрѕўрѕГрІФрІјрЅй рѕЮріЋрІхріЊрЅИрІЇ?

­ЪЎјРђЇРЎђрІерІхрѕЁрѕе рІѕрѕірІх ріЦріЋріГрЅЦріФрЅц ріЦріЊ рѕЮрѕГрѕўрѕФ рѕЮріЋ рІГрѕўрѕхрѕІрѕЇ?

­ЪњФріЦріљрІџрѕЁріЋ ріЦріЊ рѕїрѕјрЅй рїЦрІФрЅёрІјрЅйріЋ рѕўрѕЇрѕх рѕѕрѕЏрїЇріўрЅх ­ЪЉЅ­ЪЈЙріЦрІџрѕЁ рІГрїФріЉрЇб

­ЪњФрІерЅ┤рѕїрїЇрѕФрѕЮ рЅ╗ріЊрѕІрЅйріЋріЋ рѕѕрѕўрЅђрѕІрЅђрѕЇ ­ЪЉЅ­ЪЈЙ ріЦрІџрѕЁ рІГрїФріЉрЇб",2024-10-04 13:14:16+00:00,
рІерїцріЊ рІѕрїЇ - рІерїцріЊ рѕўрѕерїЃ,@yetenaweg,1172,,2024-10-03 05:09:38+00:00,
рІерїцріЊ рІѕрїЇ - рІерїцріЊ рѕўрѕерїЃ,@yetenaweg,1171,"­ЪњАрЅарІџрѕЁ ріЦрѕЂрІх рЅарЅ┤рѕїрїЇрѕФрѕЮ рЅђрїЦрЅ│ рѕхрѕГрїГрЅх рІеріЦріЋрЅЁрѕЇрЇЇ рЅйрїЇрѕ«рЅй рІерѕџрІ│рѕхрѕх рІЇрІГрІГрЅх рІГрІўріЋ рЅђрѕГрЅаріЊрѕЇрЇб

­ЪЏїрІеріЦріЋрЅЁрѕЇрЇЇ рЅйрїЇрѕ«рЅй рЅарЅ░рѕѕрІФрІЕ рѕЮріГріЋрІФрЅХрЅй рѕірѕўрїА рІГрЅйрѕІрѕЅ ріеріЦріљрІџрѕЁрѕЮ рѕўріФріерѕЇ: 
­ЪЉЅ рѕЦрѕГ рІерѕ░рІ░рІ░ рѕЋрѕўрѕЮ
­ЪЉЅ рІеріаріЦрѕЮрѕ« рїцріЊ рїЅрІ│рІ«рЅй 
­ЪЉЅ рѕўрІ░рЅаріЏ рІФрѕЇрѕєріљ рІеріЦріЋрЅЁрѕЇрЇЇ рѕўрѕГрѕЃ рїЇрЅЦрѕГ
­ЪЉЅ ріаріФрЅБрЅбрІФрІі рѕЮріГріЋрІФрЅХрЅй 
­ЪЉЅ ріеріЦрІхрѕю рїІрѕГ рІерЅ░рїѕріЊріЎ рѕѕрІЇрїдрЅй 
­ЪЉЅ рѕўрІхрѕЃріњрЅХрЅй ріЦріЋрІ▓рѕЂрѕЮ рѕїрѕјрЅйріЋ рІФріФрЅхрЅ│рѕЇ

­ЪЌБріЦріЋрїЇрІ│рЅйріЋ:
­ЪЉЅ рІФрЇїрЅх ріерЇѕрѕѕріЮ (рЅаріарЅЦрѕГрѕєрЅх рІерѕхріљрІЊрІЋрѕЮрѕ« рѕЁріГрѕЮріЊ рЅ░рЅІрѕЮ рІерѕхріљ ріарІЋрѕЮрѕ« ріарѕЏріФрѕф )

­ЪЌЊріЦрѕЂрІх рѕўрѕхріерѕерѕЮ 26 2017

РЈ░ріерѕЮрѕйрЅ▒ 12 рѕ░рІЊрЅх (рЅарібрЅхрІ«рїхрІФ)

РџА№ИЈрІЇрІГрІГрЅ▒ріЋ рѕѕрѕўрЅђрѕІрЅђрѕЇ ріЦрІџрѕЁ рІГрїФріЉ 
­ЪЉЄ­ЪЉЄ­ЪЉЄ­ЪЉЄ­ЪЉЄ­ЪЉЄ­ЪЉЄ­ЪЉЄ
https://t.me/yetenaweg?livestream

РџА№ИЈрІерІЇрІГрІГрЅх рЅ╗ріЊрѕІрЅйріЋріЋ рѕѕрѕўрЅђрѕІрЅђрѕЇ ріЦрІџрѕЁ рІГрїФріЉ: https://t.me/+dl4juoncBxMyODVh",2024-10-03 05:09:38+00:00,
рІерїцріЊ рІѕрїЇ - рІерїцріЊ рѕўрѕерїЃ,@yetenaweg,1170,,2024-10-02 10:33:05+00:00,
рІерїцріЊ рІѕрїЇ - рІерїцріЊ рѕўрѕерїЃ,@yetenaweg,1169,"РГљ№ИЈрЅ▓рЅб(рЅ▒рЅарѕГріЕрѕјрѕ▓рѕх) рѕЮріЋрІхріЋ ріљрІЇ?

­ЪњФрѕ│ріЋрЅБ ріљрЅђрѕГрѕ│ (рЅ▓рЅб)рЅарЅБріГрЅ┤рѕфрІФ рІерѕџріерѕ░рЅх рЅ░рѕІрѕІрЇі рЅарѕйрЅ│ рѕ▓рѕєріЋ рЅЦрІЎрІЇріЋ рїірІю рѕ│ріЋрЅБріЋ рІФрїарЅЃрѕЇ::

РГљ№ИЈрІерЅ▓рЅб рѕЮрѕЇріГрЅХрЅй┬а рЅарїЦрЅѓрЅ▒ рІерѕџріерЅ░рѕЅрЅхріЋ рІФріФрЅхрЅ│рѕЅ:
Рђб рѕерІўрѕЮ рѕІрѕѕ рїірІю рѕ│рѕЇ (ріаріЋрІ│ріЋрІх рїірІю рІ░рѕЮ рІерЅђрѕІрЅђрѕѕ ріаріГрЅ│)
Рђб рІерІ░рѕерЅх рѕЁрѕўрѕЮ
Рђб рІхріФрѕЮ
Рђб ріГрЅЦрІ░рЅх рѕўрЅђріљрѕх
Рђб рЅхріЕрѕ│рЅх
Рђб рІерѕЮрѕйрЅх рѕІрЅЦ ріЦріЊ
Рђб рІерѕЮрїЇрЅЦ рЇЇрѕІрїјрЅх рѕўрЅђріљрѕхрЇА

РГљ№ИЈрѕѕрЅарѕйрЅ│рІЇ рЅ░рїІрѕІрїГ рІерѕџрІФрІ░рѕГрїЅ рѕЂріћрЅ│рІјрЅй рѕЮріЋрІхріЊрЅИрІЇ?

­ЪњірѕЁріГрѕЮріЊрІЇ рѕЮріЋ рІГрѕўрѕхрѕІрѕЇ?

РГљ№ИЈрІерЅарѕйрЅ│рІЇ рѕўріерѕІріерІФ рѕўріЋрїѕрІХрЅй рѕЮріЋ рѕЮріЋ ріЊрЅИрІЇ?

­ЪїЪріЦріљрІџрѕЁріЋ ріЦріЊ рѕїрѕјрЅй рїЦрІФрЅёрІјрЅйріЋ рѕўрѕЇрѕх рѕѕрѕЏрїЇріўрЅх ­ЪЉЅ­ЪЈЙріЦрІџрѕЁ рІГрїФріЉрЇб

­ЪїЪрІерЅ┤рѕїрїЇрѕФрѕЮ рЅ╗ріЊрѕІрЅйріЋріЋ рѕѕрѕўрЅђрѕІрЅђрѕЇ ­ЪЉЅ­ЪЈЙ ріЦрІџрѕЁ рІГрїФріЉрЇб",2024-10-02 07:04:03+00:00,
рІерїцріЊ рІѕрїЇ - рІерїцріЊ рѕўрѕерїЃ,@yetenaweg,1168,,2024-09-25 06:38:30+00:00,
рІерїцріЊ рІѕрїЇ - рІерїцріЊ рѕўрѕерїЃ,@yetenaweg,1167,,2024-09-25 06:38:30+00:00,
рІерїцріЊ рІѕрїЇ - рІерїцріЊ рѕўрѕерїЃ,@yetenaweg,1166,,2024-09-25 06:38:29+00:00,
рІерїцріЊ рІѕрїЇ - рІерїцріЊ рѕўрѕерїЃ,@yetenaweg,1165,,2024-09-25 06:38:29+00:00,
рІерїцріЊ рІѕрїЇ - рІерїцріЊ рѕўрѕерїЃ,@yetenaweg,1164,"­ЪњЦ рїЅрѕГрѕЮрѕхріЊ­ЪњЦ

­ЪњЦрїЅрѕГрѕЮрѕхріЊ рѕЏрѕѕрЅх рЅаріарѕхрѕФрІјрЅ╣┬а рІеріЦрІхрѕю ріГрѕЇрѕЇ рѕўрїђрѕўрѕфрІФ рІЇрѕхрїЦ рІерѕџрїѕріЎ рѕЇрїєрЅй рІерѕџрІФрѕ│рІЕрЅх ріаріФрѕІрІіріЊ рѕхріљ рѕЇрЅдріЊрІі рѕѕрІЇрїЦ ріљрІЇ рЇб 
­ЪњЦрІГрѕЁ рїірІю рѕЇрїєрЅй рІѕрІ░ рІѕрїБрЅхріљрЅх рѕѕрѕЏрІ░рїЇ рІерѕџріЋрІ░рѕерІ░рѕЕрЅарЅх рЅЦрІЎ рІерЅБрѕЁрѕф рѕѕрІЇрїдрЅйріЋ рІерѕџрІФрѕхрЅ░ріЊрїЇрІ▒рЅарЅх рІѕрЅЁрЅх ріљрІЇрЇб 

­ЪЉЅрЅарїЅрѕГрѕЮрѕхріЊ рїірІю рІе рѕџрЅ│рІЕ рѕѕрІЇрїдрЅй рѕЮріЋ рѕЮріЋ ріЊрЅИрІЇ? 
­ЪЉЅрІерѕЇрїєрЅйріЊ рІерІѕрѕІрїєрЅй рїЇріЋріЎріљрЅх рѕЮріЋ рІГрѕўрѕхрѕІрѕЇ ? 
­ЪЉЅ рІѕрѕІрїєрЅй рѕѕрІџрѕЁ рѕѕрІЇрїЦ рѕЮріЋ ріарІГріљрЅх рѕЮрѕІрѕй рѕўрѕхрїарЅх ріарѕѕрЅБрЅИрІЇ?

­ЪћИ рѕѕрЅарѕѕрїа рѕўрѕерїЃ: ріЦрІџрѕЁ рІГрїФріЉ",2024-09-25 06:38:28+00:00,
рІерїцріЊ рІѕрїЇ - рІерїцріЊ рѕўрѕерїЃ,@yetenaweg,1163,,2024-09-23 08:09:39+00:00,photos\@yetenaweg_1163.mp4
